Sample,Frequency(Hz),Magnitude(dB),Phase(Â°)
0,50,-32.9727,72.8621
1,50.3674,-34.3429,-16.9375
2,50.7374,-36.8116,141.25
3,51.1102,-36.6858,104.346
4,51.4858,-38.5713,160.329
5,51.864,-38.8581,-175.012
6,52.2451,-39.9825,164.64
7,52.629,-42.5073,88.3318
8,53.0157,-43.5474,171.833
9,53.4052,-47.3799,74.07
10,53.7976,-50.1206,110.777
11,54.1928,-56.4937,109.92
12,54.591,-45.3913,29.2091
13,54.9921,-50.3187,173.683
14,55.3962,-49.1779,122.692
15,55.8032,-47.6261,-148.176
16,56.2132,-45.5367,47.2975
17,56.6262,-45.3135,167.241
18,57.0423,-46.2162,170.655
19,57.4614,-45.7234,-18.8072
20,57.8836,-47.4479,30.345
21,58.3089,-48.6934,-93.8713
22,58.7373,-45.7653,51.9424
23,59.1689,-48.1479,26.4276
24,59.6036,-50.5542,157.425
25,60.0415,-48.1405,35.5409
26,60.4827,-51.6465,80.4142
27,60.9271,-54.5742,62.1713
28,61.3747,-51.8722,55.3198
29,61.8257,-51.8913,112.75
30,62.2799,-48.8441,86.1454
31,62.7375,-49.1559,59.0767
32,63.1985,-49.4201,104.137
33,63.6628,-50.5965,177.884
34,64.1306,-48.2577,118.261
35,64.6018,-47.6823,46.7313
36,65.0764,-44.6863,77.7521
37,65.5546,-47.2816,96.2255
38,66.0362,-48.2662,127.786
39,66.5214,-50.6737,128.922
40,67.0102,-47.6835,34.6088
41,67.5025,-49.0292,56.5716
42,67.9985,-48.6745,115.029
43,68.4981,-49.9008,73.1578
44,69.0014,-49.695,96.3437
45,69.5084,-48.4763,96.7518
46,70.0191,-51.57,79.957
47,70.5335,-47.6527,91.9441
48,71.0518,-46.8043,81.3871
49,71.5738,-46.703,83.8036
50,72.0997,-47.6577,56.5571
51,72.6295,-48.6609,112.871
52,73.1631,-46.6015,110.851
53,73.7007,-47.2211,104.294
54,74.2422,-46.6932,109.783
55,74.7876,-47.512,92.8553
56,75.3371,-47.8473,22.0394
57,75.8907,-47.1615,70.4338
58,76.4483,-46.0261,92.0917
59,77.01,-45.5159,114.601
60,77.5758,-45.9062,105.294
61,78.1458,-47.3262,76.0103
62,78.7199,-46.3919,79.2232
63,79.2983,-46.4978,68.547
64,79.881,-47.2685,78.3555
65,80.4679,-45.5889,77.5462
66,81.0591,-45.7535,85.4758
67,81.6547,-46.0913,70.9169
68,82.2546,-45.8859,74.3452
69,82.859,-46.258,71.7069
70,83.4678,-44.9838,89.9157
71,84.0811,-44.6181,64.2572
72,84.6988,-44.215,62.3079
73,85.3212,-44.3827,97.4893
74,85.948,-44.3702,90.5593
75,86.5795,-44.1692,83.7695
76,87.2157,-43.9066,71.1645
77,87.8565,-43.0579,90.3842
78,88.502,-42.5407,86.9115
79,89.1523,-44.3321,59.9508
80,89.8073,-42.5876,61.6318
81,90.4672,-42.0527,79.9656
82,91.1319,-43.0301,66.8654
83,91.8014,-42.0723,77.4917
84,92.4759,-41.3823,87.1574
85,93.1554,-42.4087,81.6459
86,93.8398,-41.7641,71.112
87,94.5293,-41.5199,78.0148
88,95.2239,-40.8945,69.966
89,95.9235,-41.3088,70.4418
90,96.6283,-40.7825,79.4889
91,97.3383,-40.8725,75.0086
92,98.0535,-40.8177,77.8431
93,98.7739,-40.4972,75.5061
94,99.4996,-40.0336,71.0378
95,100.231,-40.0618,71.3728
96,100.967,-39.6552,67.8177
97,101.709,-39.6901,67.4051
98,102.456,-39.6567,75.9935
99,103.209,-39.3439,70.5126
100,103.967,-39.4911,80.7419
101,104.731,-38.9385,71.9603
102,105.501,-39.0237,77.3583
103,106.276,-38.5407,83.5855
104,107.057,-38.1556,82.3736
105,107.843,-38.5243,75.4619
106,108.636,-38.2221,66.7607
107,109.434,-37.1755,77.5618
108,110.238,-37.8122,75.851
109,111.048,-36.9498,77.3287
110,111.864,-36.6037,84.2435
111,112.686,-36.952,74.8135
112,113.514,-36.4865,77.7842
113,114.348,-37.1651,75.4934
114,115.188,-36.1859,77.3486
115,116.034,-35.9911,72.7506
116,116.887,-35.9909,65.8631
117,117.746,-35.5991,70.861
118,118.611,-35.0408,68.9619
119,119.482,-34.9605,78.3201
120,120.36,-34.8766,70.0554
121,121.244,-34.8691,75.5482
122,122.135,-34.4645,72.2347
123,123.033,-34.3299,66.0972
124,123.937,-34.2122,70.4991
125,124.847,-33.8648,70.3006
126,125.765,-33.3126,64.954
127,126.689,-33.5425,68.3087
128,127.619,-32.8905,64.2897
129,128.557,-33.3196,74.5519
130,129.502,-32.8659,66.9854
131,130.453,-32.7402,67.1792
132,131.412,-32.4397,74.3704
133,132.377,-32.0168,72.7817
134,133.35,-31.7725,65.2177
135,134.33,-32.137,68.1025
136,135.317,-30.9673,69.977
137,136.311,-31.4982,60.7971
138,137.312,-31.0374,78.8048
139,138.321,-30.7037,75.8028
140,139.337,-31.0853,68.5231
141,140.361,-30.5211,74.6537
142,141.393,-30.0404,56.7811
143,142.431,-29.8652,56.6562
144,143.478,-29.7011,81.5559
145,144.532,-30.3096,60.293
146,145.594,-31.5397,59.9902
147,146.664,-29.5841,77.5222
148,147.741,-28.8299,67.1566
149,148.827,-28.9874,67.452
150,149.92,-28.5618,71.8738
151,151.022,-28.0509,77.2664
152,152.131,-28.1847,72.3505
153,153.249,-28.126,59.1267
154,154.375,-27.8123,59.7762
155,155.51,-26.9777,69.8462
156,156.652,-27.7963,67.7
157,157.803,-26.8928,66.1807
158,158.963,-27.0245,69.1553
159,160.13,-26.7225,66.5664
160,161.307,-26.5345,64.6344
161,162.492,-26.5068,63.3863
162,163.686,-26.2548,63.4652
163,164.889,-25.8471,65.1944
164,166.1,-25.7289,60.9499
165,167.321,-25.4111,65.9073
166,168.55,-24.9329,64.8197
167,169.788,-25.0256,64.4257
168,171.036,-24.5993,64.8938
169,172.293,-24.7478,63.8016
170,173.559,-24.2568,60.5037
171,174.834,-24.0099,59.6829
172,176.118,-23.8732,64.5892
173,177.412,-23.6444,61.8815
174,178.716,-23.4315,59.3898
175,180.029,-23.1377,58.8771
176,181.352,-23.0938,61.471
177,182.684,-22.7112,58.8047
178,184.026,-22.5014,60.3397
179,185.379,-22.3192,59.0424
180,186.741,-22.1526,60.0472
181,188.113,-21.7367,59.7206
182,189.495,-21.6516,58.3437
183,190.887,-21.3112,58.6244
184,192.29,-21.204,58.3012
185,193.702,-21.0326,58.095
186,195.126,-20.6901,57.2179
187,196.559,-20.474,58.3249
188,198.003,-20.2161,57.8936
189,199.458,-19.9364,56.397
190,200.924,-19.7118,56.5031
191,202.4,-19.495,55.4383
192,203.887,-19.3245,55.9055
193,205.385,-19.0141,55.0599
194,206.894,-18.8177,54.1843
195,208.414,-18.5451,55.485
196,209.946,-18.2532,55.1324
197,211.488,-18.0579,54.0884
198,213.042,-17.7687,54.1123
199,214.607,-17.5679,53.2252
200,216.184,-17.3889,54.0185
201,217.773,-17.0771,52.7018
202,219.373,-16.8924,52.4799
203,220.985,-16.6172,51.6519
204,222.608,-16.424,51.4261
205,224.244,-16.0779,49.745
206,225.891,-15.9366,50.3724
207,227.551,-15.6593,50.1649
208,229.223,-15.3322,49.3915
209,230.907,-15.0959,48.3181
210,232.604,-14.829,48.3185
211,234.313,-14.604,47.8345
212,236.034,-14.3698,45.8848
213,237.769,-14.1469,45.0882
214,239.516,-13.8011,45.2736
215,241.275,-13.6143,44.2141
216,243.048,-13.5696,44.773
217,244.834,-13.0214,44.9807
218,246.633,-12.7495,42.2107
219,248.445,-12.5162,43.4766
220,250.27,-12.2916,41.7546
221,252.109,-12.0049,40.7576
222,253.962,-11.7509,41.4004
223,255.828,-11.4672,39.6743
224,257.707,-11.2158,40.3052
225,259.601,-10.9268,39.0255
226,261.508,-10.6006,38.5916
227,263.43,-10.3912,37.7562
228,265.365,-10.1295,36.8472
229,267.315,-9.82126,36.0504
230,269.279,-9.5245,34.9852
231,271.257,-9.27883,34.454
232,273.25,-8.99443,33.5589
233,275.258,-8.70588,32.504
234,277.28,-8.4266,31.5244
235,279.318,-8.13841,30.7683
236,281.37,-7.853,29.8239
237,283.437,-7.56459,29.13
238,285.52,-7.28058,27.7933
239,287.618,-7.04308,26.9367
240,289.731,-6.71689,25.6341
241,291.86,-6.49582,24.4139
242,294.004,-6.30831,22.5901
243,296.164,-6.12739,20.7276
244,298.34,-5.95478,18.8815
245,300.532,-5.80375,17.1713
246,302.741,-5.60906,14.8724
247,304.965,-5.47365,12.96
248,307.206,-5.31592,10.7128
249,309.463,-5.17131,8.66663
250,311.736,-5.07205,6.53023
251,314.027,-4.91585,4.26972
252,316.334,-4.80681,2.11977
253,318.658,-4.69342,-0.275117
254,321,-4.6018,-2.22234
255,323.358,-4.47795,-3.87043
256,325.734,-4.37658,-6.25362
257,328.127,-4.30595,-8.4639
258,330.538,-4.22445,-10.298
259,332.967,-4.12843,-12.3088
260,335.413,-4.02963,-14.5238
261,337.878,-3.96343,-16.5072
262,340.36,-3.84693,-18.4139
263,342.861,-3.75845,-20.453
264,345.38,-3.6981,-22.0296
265,347.918,-3.66743,-24.1861
266,350.474,-3.69508,-26.6161
267,353.049,-3.43262,-27.8296
268,355.643,-3.27785,-29.1357
269,358.256,-3.21122,-31.1564
270,360.889,-3.19564,-32.3577
271,363.54,-3.09659,-34.0715
272,366.211,-3.00495,-35.9632
273,368.902,-2.84943,-37.1293
274,371.612,-2.7906,-38.726
275,374.343,-2.72518,-40.8635
276,377.093,-2.62584,-41.9119
277,379.864,-2.59604,-43.4031
278,382.655,-2.51272,-45.2468
279,385.466,-2.444,-46.8237
280,388.299,-2.39743,-48.1877
281,391.152,-2.33911,-49.6527
282,394.025,-2.28067,-51.2776
283,396.921,-2.23378,-52.7897
284,399.837,-2.1532,-54.0314
285,402.775,-2.08845,-55.5655
286,405.734,-2.01565,-56.9571
287,408.715,-1.95779,-58.3559
288,411.718,-1.94842,-59.6398
289,414.743,-1.94714,-61.5475
290,417.79,-1.76988,-62.4529
291,420.86,-1.72685,-64.037
292,423.952,-1.66508,-65.3906
293,427.067,-1.57941,-66.8031
294,430.205,-1.5189,-68.4798
295,433.366,-1.46009,-69.7856
296,436.55,-1.44557,-71.4038
297,439.758,-1.34581,-72.4114
298,442.989,-1.28556,-73.3048
299,446.243,-1.21491,-74.8655
300,449.522,-1.14868,-76.383
301,452.825,-1.08134,-77.8258
302,456.152,-1.06418,-78.6777
303,459.504,-0.971103,-79.8519
304,462.88,-0.911361,-81.1878
305,466.281,-0.879734,-82.512
306,469.707,-0.821917,-84.0215
307,473.158,-0.661908,-84.4572
308,476.634,-0.668525,-85.9135
309,480.136,-0.643039,-87.1306
310,483.664,-0.586104,-88.7741
311,487.218,-0.542925,-89.1995
312,490.798,-0.428651,-90.8985
313,494.404,-0.413924,-91.7099
314,498.036,-0.300187,-92.3711
315,501.696,-0.20307,-94.2169
316,505.382,-0.21328,-95.1783
317,509.095,-0.176399,-96.4914
318,512.835,-0.124315,-97.425
319,516.603,-0.125263,-98.4025
320,520.399,0.00514139,-99.6005
321,524.223,0.0509668,-100.14
322,528.074,0.161859,-101.422
323,531.954,0.137138,-102.711
324,535.863,0.193222,-103.891
325,539.8,0.16388,-104.743
326,543.766,0.29063,-105.831
327,547.761,0.332734,-106.695
328,551.786,0.355922,-107.346
329,555.84,0.416608,-108.63
330,559.924,0.469982,-109.289
331,564.038,0.516113,-110.431
332,568.182,0.536784,-111.548
333,572.357,0.579251,-112.791
334,576.562,0.645395,-113.74
335,580.799,0.65176,-114.216
336,585.066,0.721303,-115.308
337,589.365,0.693138,-116.052
338,593.695,0.719225,-116.862
339,598.057,0.74962,-118.23
340,602.451,0.769134,-118.644
341,606.878,0.81027,-119.817
342,611.337,0.749144,-119.901
343,615.829,0.764182,-120.754
344,620.353,0.741124,-121.246
345,624.911,0.805953,-122.388
346,629.503,0.817071,-123.49
347,634.128,0.84069,-123.94
348,638.787,0.835406,-124.453
349,643.481,0.873881,-125.095
350,648.208,0.886354,-125.765
351,652.971,0.891746,-126.622
352,657.769,0.919287,-127.435
353,662.602,0.889161,-127.583
354,667.47,0.91384,-128.914
355,672.374,0.942633,-129.016
356,677.314,0.928212,-130.273
357,682.291,0.946992,-130.603
358,687.304,0.97234,-131.383
359,692.354,1.01867,-131.993
360,697.441,0.995512,-132.826
361,702.565,1.02398,-133.577
362,707.727,1.04025,-134.027
363,712.927,1.05764,-134.644
364,718.165,1.08923,-135.781
365,723.442,1.07235,-136.199
366,728.757,1.11362,-137.176
367,734.112,1.13415,-137.492
368,739.506,1.12136,-138.562
369,744.939,1.16669,-138.95
370,750.413,1.1846,-139.773
371,755.926,1.18686,-140.801
372,761.48,1.20623,-141.335
373,767.075,1.22865,-142.07
374,772.711,1.23664,-142.893
375,778.389,1.28291,-143.445
376,784.108,1.30358,-144.021
377,789.869,1.29981,-144.747
378,795.672,1.33837,-145.797
379,801.518,1.31536,-146.038
380,807.408,1.38709,-147.656
381,813.34,1.34036,-147.695
382,819.316,1.37964,-148.644
383,825.336,1.4161,-149.363
384,831.4,1.41565,-150.221
385,837.508,1.43342,-150.855
386,843.662,1.47918,-151.494
387,849.861,1.46236,-152.334
388,856.105,1.44468,-152.737
389,862.395,1.5185,-154.025
390,868.731,1.50211,-154.213
391,875.114,1.54408,-154.993
392,881.544,1.54326,-155.625
393,888.021,1.57878,-156.4
394,894.546,1.5877,-156.987
395,901.118,1.59301,-158.419
396,907.739,1.58743,-158.692
397,914.409,1.60714,-159.323
398,921.127,1.65376,-160.44
399,927.895,1.64642,-161.112
400,934.713,1.67721,-161.799
401,941.581,1.64454,-162.531
402,948.499,1.66041,-163.114
403,955.468,1.69349,-163.896
404,962.488,1.72672,-164.979
405,969.56,1.71761,-165.7
406,976.683,1.70918,-166.322
407,983.86,1.73507,-167.198
408,991.088,1.72496,-168.074
409,998.37,1.73685,-168.756
410,1005.71,1.75299,-169.496
411,1013.1,1.76209,-170.057
412,1020.54,1.76653,-170.882
413,1028.04,1.77194,-171.792
414,1035.59,1.77352,-172.536
415,1043.2,1.77782,-173.399
416,1050.86,1.77202,-174.098
417,1058.59,1.78006,-174.956
418,1066.36,1.79123,-175.763
419,1074.2,1.77195,-176.379
420,1082.09,1.78654,-177.243
421,1090.04,1.78011,-178.083
422,1098.05,1.76994,-178.678
423,1106.12,1.7761,-179.369
424,1114.25,1.78788,179.751
425,1122.43,1.78899,178.946
426,1130.68,1.77987,178.178
427,1138.99,1.76736,177.453
428,1147.35,1.76396,176.647
429,1155.79,1.75677,175.818
430,1164.28,1.74847,175.067
431,1172.83,1.75322,174.302
432,1181.45,1.74219,173.541
433,1190.13,1.72454,172.739
434,1198.87,1.73144,171.984
435,1207.68,1.71316,171.319
436,1216.56,1.70617,170.258
437,1225.49,1.68356,169.683
438,1234.5,1.66409,168.822
439,1243.57,1.68038,167.998
440,1252.71,1.66007,167.39
441,1261.91,1.66236,166.743
442,1271.18,1.62378,166.033
443,1280.52,1.6224,164.973
444,1289.93,1.61761,164.27
445,1299.41,1.59579,163.68
446,1308.95,1.57546,162.862
447,1318.57,1.55827,162.169
448,1328.26,1.54229,161.396
449,1338.02,1.51444,160.559
450,1347.85,1.50138,159.87
451,1357.75,1.48189,159.138
452,1367.73,1.4576,158.329
453,1377.78,1.46216,157.73
454,1387.9,1.43396,157.094
455,1398.1,1.41349,156.145
456,1408.37,1.40107,155.472
457,1418.72,1.38915,154.679
458,1429.14,1.36146,153.957
459,1439.64,1.33607,153.366
460,1450.22,1.31305,152.345
461,1460.88,1.30549,151.613
462,1471.61,1.28112,150.996
463,1482.42,1.2576,150.525
464,1493.32,1.23097,149.602
465,1504.29,1.19884,148.809
466,1515.34,1.1803,148.253
467,1526.47,1.16111,147.775
468,1537.69,1.14654,146.805
469,1548.99,1.12017,146.312
470,1560.37,1.07738,145.357
471,1571.83,1.07395,144.724
472,1583.38,1.0464,144.018
473,1595.02,1.01521,143.427
474,1606.73,0.996571,142.612
475,1618.54,0.975145,142.049
476,1630.43,0.953973,141.225
477,1642.41,0.929906,140.748
478,1654.48,0.891564,139.905
479,1666.64,0.881516,139.233
480,1678.88,0.863895,138.552
481,1691.22,0.849301,137.914
482,1703.64,0.814489,137.357
483,1716.16,0.781541,136.44
484,1728.77,0.761209,135.585
485,1741.47,0.730968,135.116
486,1754.27,0.725112,134.552
487,1767.16,0.702262,133.797
488,1780.14,0.667838,133.109
489,1793.22,0.66355,132.439
490,1806.39,0.639253,131.801
491,1819.67,0.619772,131.162
492,1833.04,0.597841,130.381
493,1846.5,0.575071,129.706
494,1860.07,0.561242,129.206
495,1873.74,0.538398,128.447
496,1887.51,0.51821,127.811
497,1901.37,0.492759,127.147
498,1915.34,0.477988,126.453
499,1929.42,0.471374,125.789
500,1943.59,0.45499,124.988
501,1957.87,0.44157,124.371
502,1972.26,0.410319,123.875
503,1986.75,0.400515,123.054
504,2001.35,0.38618,122.432
505,2016.05,0.369559,121.715
506,2030.86,0.355167,121.143
507,2045.79,0.343829,120.492
508,2060.82,0.312368,120.035
509,2075.96,0.31717,118.985
510,2091.21,0.300109,118.387
511,2106.58,0.291793,117.847
512,2122.05,0.285701,117.173
513,2137.65,0.272715,116.322
514,2153.35,0.270537,115.516
515,2169.17,0.262769,114.704
516,2185.11,0.24881,114.315
517,2201.17,0.237683,113.554
518,2217.34,0.237095,112.612
519,2233.63,0.243191,111.899
520,2250.04,0.242804,111.298
521,2266.57,0.226139,110.625
522,2283.23,0.23157,109.905
523,2300,0.222133,109.25
524,2316.9,0.225707,108.359
525,2333.93,0.223424,107.797
526,2351.07,0.229478,107.024
527,2368.35,0.228178,106.093
528,2385.75,0.240638,105.303
529,2403.28,0.236337,104.638
530,2420.94,0.258927,103.857
531,2438.72,0.272813,102.957
532,2456.64,0.248922,102.46
533,2474.69,0.274696,101.346
534,2492.87,0.280035,100.537
535,2511.19,0.29839,99.6828
536,2529.64,0.290787,98.6938
537,2548.23,0.313283,97.8556
538,2566.95,0.327336,97.1966
539,2585.81,0.347837,96.0644
540,2604.81,0.37332,95.2727
541,2623.95,0.396583,94.5029
542,2643.23,0.412803,93.3547
543,2662.65,0.446803,92.5975
544,2682.21,0.488374,91.2065
545,2701.92,0.475353,90.267
546,2721.77,0.509223,89.3653
547,2741.77,0.542127,88.452
548,2761.91,0.560531,87.0998
549,2782.21,0.579759,86.3478
550,2802.65,0.598516,84.8236
551,2823.24,0.63107,83.9069
552,2843.99,0.653973,82.8458
553,2864.88,0.704157,81.2673
554,2885.93,0.719637,80.276
555,2907.13,0.752239,78.7622
556,2928.49,0.762779,77.5673
557,2950.01,0.815393,76.2227
558,2971.69,0.808352,74.4595
559,2993.52,0.877472,73.7346
560,3015.52,0.891174,71.6961
561,3037.67,0.903969,70.2178
562,3059.99,0.937766,69.333
563,3082.47,0.933128,67.2945
564,3105.12,0.974602,65.578
565,3127.94,0.977035,63.9219
566,3150.92,0.986955,62.6063
567,3174.07,0.983611,61.0439
568,3197.39,1.00164,59.273
569,3220.88,1.00669,57.1824
570,3244.55,0.97099,55.25
571,3268.39,0.991782,53.5782
572,3292.4,0.947464,51.3672
573,3316.59,0.917842,49.1019
574,3340.96,0.893667,47.2783
575,3365.51,0.850822,45.5213
576,3390.24,0.816273,43.1685
577,3415.14,0.73903,40.8503
578,3440.24,0.675266,38.9704
579,3465.51,0.595712,36.8506
580,3490.98,0.500248,34.4975
581,3516.63,0.423779,32.1425
582,3542.46,0.294744,30.2649
583,3568.49,0.187883,27.8783
584,3594.71,0.0415135,25.4171
585,3621.12,-0.087376,23.3461
586,3647.73,-0.243194,21.1334
587,3674.53,-0.394446,19.1922
588,3701.53,-0.573221,16.7806
589,3728.72,-0.773498,14.6107
590,3756.12,-0.969499,12.4073
591,3783.72,-1.14736,10.456
592,3811.52,-1.36878,8.3562
593,3839.52,-1.58482,6.16721
594,3867.73,-1.78307,4.58396
595,3896.15,-2.01627,2.16522
596,3924.78,-2.28479,0.0239782
597,3953.62,-2.55977,-1.2771
598,3982.67,-2.78623,-2.89933
599,4011.93,-3.06241,-5.08211
600,4041.4,-3.29692,-6.63584
601,4071.1,-3.57809,-8.05519
602,4101.01,-3.81503,-10.0823
603,4131.14,-4.09466,-11.697
604,4161.5,-4.39874,-13.4221
605,4192.07,-4.67503,-14.7262
606,4222.87,-4.97773,-16.1668
607,4253.9,-5.28358,-17.3418
608,4285.15,-5.47357,-18.5242
609,4316.64,-5.81422,-19.7408
610,4348.36,-6.10803,-21.4006
611,4380.3,-6.36146,-22.5534
612,4412.49,-6.64931,-23.7033
613,4444.91,-6.93275,-24.7236
614,4477.57,-7.29207,-25.7504
615,4510.47,-7.48331,-27.3113
616,4543.61,-7.79734,-28.036
617,4576.99,-8.07826,-29.3954
618,4610.62,-8.36595,-30.08
619,4644.49,-8.65974,-31.4295
620,4678.62,-8.9282,-31.8025
621,4713,-9.19496,-33.3365
622,4747.62,-9.48765,-34.0385
623,4782.51,-9.77138,-35.0216
624,4817.65,-10.0033,-35.4002
625,4853.04,-10.2921,-36.2727
626,4888.7,-10.6377,-36.5424
627,4924.62,-10.942,-38.1756
628,4960.8,-11.1576,-38.5933
629,4997.25,-11.4985,-39.6611
630,5033.97,-11.6981,-39.6782
631,5070.95,-12.0316,-39.9819
632,5108.21,-12.345,-41.2925
633,5145.74,-12.48,-42.0539
634,5183.55,-12.7442,-43.1753
635,5221.64,-13.0743,-43.6705
636,5260,-13.2423,-44.6362
637,5298.65,-13.5562,-44.488
638,5337.58,-13.8329,-44.6388
639,5376.8,-14.0442,-45.8008
640,5416.31,-14.3363,-45.7947
641,5456.1,-14.6416,-46.454
642,5496.19,-14.8907,-47.7836
643,5536.57,-15.0947,-47.6792
644,5577.25,-15.3477,-48.4442
645,5618.23,-15.6188,-50.0809
646,5659.51,-15.9039,-49.4934
647,5701.09,-16.1922,-51.236
648,5742.98,-16.4373,-50.6784
649,5785.18,-16.5654,-50.5647
650,5827.68,-16.8861,-52.4012
651,5870.5,-16.9635,-50.3624
652,5913.63,-17.4479,-50.7419
653,5957.08,-17.6584,-53.7419
654,6000.85,-17.953,-52.6347
655,6044.94,-18.164,-51.7528
656,6089.36,-18.3733,-52.6423
657,6134.1,-18.6465,-52.836
658,6179.17,-18.8752,-52.9782
659,6224.57,-19.0722,-56.182
660,6270.3,-19.3201,-55.0788
661,6316.37,-19.5496,-55.2051
662,6362.78,-19.7782,-55.7326
663,6409.53,-20.0086,-56.4685
664,6456.63,-20.2051,-56.9516
665,6504.07,-20.5126,-56.31
666,6551.85,-20.7048,-57.4822
667,6599.99,-20.9096,-57.3993
668,6648.49,-21.2234,-57.6357
669,6697.33,-21.3939,-57.9493
670,6746.54,-21.6395,-58.9002
671,6796.11,-21.9409,-59.0361
672,6846.05,-22.0806,-57.3535
673,6896.35,-22.4518,-59.8834
674,6947.02,-22.6537,-60.7482
675,6998.06,-22.9579,-59.7772
676,7049.48,-23.0433,-62.7365
677,7101.27,-23.4298,-59.1199
678,7153.45,-23.49,-61.2377
679,7206.01,-23.8359,-60.5819
680,7258.95,-23.9387,-60.0445
681,7312.29,-24.1733,-60.9474
682,7366.01,-24.3306,-60.927
683,7420.13,-24.6426,-62.265
684,7474.65,-24.8133,-62.8224
685,7529.57,-24.9406,-64.613
686,7584.9,-25.2289,-63.2313
687,7640.62,-25.4694,-64.5512
688,7696.76,-25.812,-58.2329
689,7753.31,-26.1583,-64.4286
690,7810.28,-26.3108,-61.5098
691,7867.67,-26.3641,-61.8875
692,7925.47,-26.4782,-62.8044
693,7983.71,-26.8566,-65.1729
694,8042.36,-26.7298,-61.9558
695,8101.45,-27.2814,-58.412
696,8160.98,-27.6817,-63.1439
697,8220.94,-27.1591,-59.4478
698,8281.34,-28.061,-67.0726
699,8342.19,-27.9891,-66.0273
700,8403.48,-28.4232,-67.0529
701,8465.23,-28.678,-64.1805
702,8527.43,-28.726,-65.1259
703,8590.08,-28.6826,-66.4675
704,8653.19,-29.152,-67.7573
705,8716.77,-29.6039,-65.6705
706,8780.82,-29.6064,-63.758
707,8845.33,-29.7376,-69.4192
708,8910.32,-30.1137,-64.782
709,8975.79,-30.195,-62.1176
710,9041.74,-30.6852,-69.2178
711,9108.17,-30.8984,-69.5745
712,9175.1,-30.9436,-70.2096
713,9242.51,-31.4512,-63.7914
714,9310.42,-31.2279,-62.8714
715,9378.83,-31.5779,-70.091
716,9447.74,-31.7078,-65.8329
717,9517.15,-31.9032,-68.4688
718,9587.08,-31.99,-66.6131
719,9657.52,-32.4989,-67.0417
720,9728.48,-32.5105,-70.5537
721,9799.95,-32.5868,-70.8094
722,9871.96,-32.8805,-70.7523
723,9944.49,-32.7078,-70.6051
724,10017.6,-33.1771,-64.5214
725,10091.2,-33.5568,-76.7911
726,10165.3,-33.5082,-67.5161
727,10240,-33.7204,-63.0831
728,10315.2,-34.1982,-69.8152
729,10391,-33.4888,-76.0296
730,10467.4,-34.3936,-73.5383
731,10544.3,-35.4604,-88.055
732,10621.7,-34.882,-64.9327
733,10699.8,-35.1253,-73.0861
734,10778.4,-35.2982,-77.3323
735,10857.6,-35.6208,-72.0695
736,10937.4,-36.3159,-82.0184
737,11017.7,-35.9087,-72.8225
738,11098.7,-36.0332,-54.3275
739,11180.2,-36.1119,-71.3129
740,11262.4,-37.2563,-80.7612
741,11345.1,-35.9469,-72.938
742,11428.5,-35.4577,-60.1008
743,11512.5,-36.615,-79.1917
744,11597,-37.4906,-78.9097
745,11682.3,-38.474,-63.2362
746,11768.1,-38.3656,-72.8767
747,11854.6,-37.4168,-112.871
748,11941.7,-37.6514,-58.4382
749,12029.4,-36.7701,-67.8245
750,12117.8,-36.8987,-72.517
751,12206.8,-37.897,-96.1591
752,12296.5,-38.8607,-82.5897
753,12386.8,-38.9473,-58.2128
754,12477.9,-39.2401,-83.6501
755,12569.5,-38.8576,-85.7472
756,12661.9,-40.0777,-63.4696
757,12754.9,-40.2889,-82.0235
758,12848.6,-39.2663,-83.3236
759,12943,-40.5097,-71.2248
760,13038.1,-39.9369,-75.296
761,13133.9,-40.8014,-79.5954
762,13230.4,-40.3406,-73.2116
763,13327.6,-41.3605,-84.2556
764,13425.6,-39.3543,-66.0658
765,13524.2,-41.329,-70.0639
766,13623.6,-39.9438,-77.3028
767,13723.7,-41.4781,-46.8297
768,13824.5,-39.1063,-80.9519
769,13926.1,-40.2331,-106.916
770,14028.4,-41.9749,-74.859
771,14131.5,-40.6721,-70.768
772,14235.3,-42.9264,-65.6137
773,14339.9,-42.1058,-90.5585
774,14445.3,-41.6239,-76.8125
775,14551.4,-42.053,-64.1095
776,14658.3,-43.65,-58.3624
777,14766,-43.9773,-112.11
778,14874.5,-42.3956,-98.5254
779,14983.8,-39.6051,-86.9937
780,15093.9,-44.6663,-59.7634
781,15204.8,-43.0123,-65.3527
782,15316.5,-44.181,-34.0993
783,15429,-46.3504,-62.4559
784,15542.4,-39.7166,25.7202
785,15656.6,-43.5879,-87.1425
786,15771.6,-44.8028,-77.6506
787,15887.5,-45.1663,-90.8423
788,16004.2,-45.2556,-137.295
789,16121.8,-43.829,-122.931
790,16240.3,-45.4187,-59.7501
791,16359.6,-44.6297,-48.3048
792,16479.8,-45.9744,-58.6464
793,16600.9,-44.6916,-72.8259
794,16722.9,-46.5788,-114.248
795,16845.7,-46.683,-116.387
796,16969.5,-46.6543,-67.6899
797,17094.2,-46.1467,-82.0783
798,17219.8,-44.8511,-69.3624
799,17346.3,-44.9126,-138.512
800,17473.8,-44.6336,-103.825
801,17602.1,-45.9063,-118.704
802,17731.5,-48.1866,-72.1521
803,17861.8,-42.0279,-89.0697
804,17993,-43.2495,-53.317
805,18125.2,-46.042,-98.5715
806,18258.4,-44.5499,-156.809
807,18392.5,-45.8132,-116.698
808,18527.7,-45.909,-125.78
809,18663.8,-44.9751,-138.38
810,18800.9,-46.7861,-22.576
811,18939.1,-47.8929,-92.412
812,19078.2,-48.6088,-118.048
813,19218.4,-43.4322,-78.0214
814,19359.6,-45.988,-94.618
815,19501.8,-50.1083,-77.2083
816,19645.1,-49.2373,15.6465
817,19789.5,-52.977,-49.247
818,19934.9,-48.8912,-115.221
819,20081.3,-47.6652,-65.6055
820,20228.9,-50.0525,-79.2224
821,20377.5,-46.9513,-102.284
822,20527.2,-46.1754,-80.1384
823,20678.1,-48.0042,-126.693
824,20830,-48.5787,-62.3955
825,20983,-44.2391,-62.7416
826,21137.2,-46.7943,-33.2496
827,21292.5,-47.8435,-130.646
828,21448.9,-40.8576,29.668
829,21606.5,-47.4875,-84.9193
830,21765.3,-49.1032,-109.204
831,21925.2,-53.493,-29.7345
832,22086.3,-49.75,29.3703
833,22248.6,-47.0781,-53.2224
834,22412.1,-51.6245,-100.568
835,22576.7,-47.7628,-101.758
836,22742.6,-42.4553,-123.387
837,22909.7,-47.5981,-63.5203
838,23078,-46.9464,-117.741
839,23247.6,-46.8623,-127.976
840,23418.4,-42.477,-90.3149
841,23590.5,-49.989,-63.2041
842,23763.8,-45.8693,71.8814
843,23938.4,-47.7623,-63.9731
844,24114.3,-51.4561,-92.6641
845,24291.5,-45.9476,157.002
846,24469.9,-44.1215,-26.6838
847,24649.7,-45.4574,44.0892
848,24830.8,-51.616,-168.261
849,25013.3,-52.3218,-155.341
850,25197.1,-55.186,56.1476
851,25382.2,-44.3686,-148.59
852,25568.7,-50.6792,-26.7743
853,25756.6,-45.7247,-52.9754
854,25945.8,-54.1687,-85.9323
855,26136.4,-53.5774,118.452
856,26328.5,-45.926,-11.8297
857,26521.9,-44.7511,114.823
858,26716.8,-38.1175,61.1089
859,26913.1,-38.2584,135.009
860,27110.8,-50.141,-11.2777
861,27310,-45.3398,-178.56
862,27510.7,-47.2185,65.0922
863,27712.8,-35.5019,-38.0238
864,27916.4,-36.707,-2.51124
865,28121.5,-53.4801,-94.2281
866,28328.2,-45.2739,-25.8037
867,28536.3,-48.2068,174.336
868,28746,-44.361,-30.8553
869,28957.2,-48.4096,-103.031
870,29169.9,-43.0665,-156.059
871,29384.3,-42.5889,-32.8562
872,29600.1,-54.1907,179.106
873,29817.6,-40.6533,-117.791
874,30036.7,-35.8994,9.46377
875,30257.4,-42.7985,26.6139
876,30479.7,-42.1241,-104.785
877,30703.7,-41.423,157.273
878,30929.3,-48.1859,-85.839
879,31156.5,-35.214,-106.345
880,31385.4,-45.4353,-4.77106
881,31616,-47.3222,-20.6733
882,31848.3,-45.967,26.1659
883,32082.3,-44.9246,-25.9493
884,32318.1,-42.8284,177.635
885,32555.5,-39.7369,-35.6323
886,32794.7,-44.81,21.8373
887,33035.7,-45.9714,-22.9417
888,33278.4,-45.899,-123.48
889,33522.9,-48.4695,13.8874
890,33769.2,-50.5305,-86.1658
891,34017.3,-46.397,9.32298
892,34267.3,-48.9357,-85.2503
893,34519,-50.5071,-169.414
894,34772.7,-48.753,27.3591
895,35028.1,-49.2717,-160.87
896,35285.5,-46.2592,-28.7344
897,35544.8,-47.7429,166.638
898,35805.9,-41.8682,-57.6723
899,36069,-53.6225,-67.3877
900,36334,-53.0996,35.0705
901,36601,-47.3621,24.255
902,36869.9,-51.8411,-151.236
903,37140.8,-50.3056,-96.8734
904,37413.7,-40.2788,-98.6758
905,37688.6,-54.2719,128.827
906,37965.5,-48.6293,-70.57
907,38244.4,-52.6002,-149.834
908,38525.4,-52.2184,176.123
909,38808.5,-53.17,-33.5775
910,39093.6,-52.8064,130.805
911,39380.9,-39.8544,111.14
912,39670.2,-51.6987,3.87084
913,39961.7,-54.1227,16.8613
914,40255.3,-51.2142,146.967
915,40551.1,-50.2946,105.601
916,40849,-52.6191,-7.86569
917,41149.2,-51.5827,-121.258
918,41451.5,-51.4135,113.282
919,41756.1,-41.6728,-156.147
920,42062.9,-51.8585,130.383
921,42371.9,-51.9363,-99.2666
922,42683.2,-52.7566,-79.3498
923,42996.9,-54.2479,144.24
924,43312.8,-51.129,-128.968
925,43631,-54.8093,-82.8511
926,43951.6,-44.1103,64.1032
927,44274.5,-45.6341,111.431
928,44599.8,-52.0804,42.7897
929,44927.5,-51.2452,115.901
930,45257.6,-57.4233,167.368
931,45590.1,-52.6712,-163.06
932,45925.1,-51.715,138.678
933,46262.5,-51.6026,6.07732
934,46602.4,-52.0913,116.581
935,46944.8,-45.0861,-97.2919
936,47289.8,-52.0686,135.98
937,47637.2,-55.3308,-76.6291
938,47987.2,-58.4421,83.6983
939,48339.8,-50.8481,146.969
940,48695,-52.0757,36.6332
941,49052.8,-56.7331,-17.3071
942,49413.2,-53.5412,-170.562
943,49776.2,-61.5051,130.278
944,50142,-57.214,67.309
945,50510.4,-59.9336,-107.029
946,50881.5,-57.668,54.182
947,51255.3,-55.1633,160.79
948,51631.9,-52.0626,130.282
949,52011.3,-52.4749,-40.9376
950,52393.5,-46.0875,-73.0217
951,52778.4,-45.8339,22.8327
952,53166.2,-56.1821,133.816
953,53556.8,-46.4532,-107.038
954,53950.3,-54.5961,15.0733
955,54346.7,-55.5078,-2.33638
956,54746,-56.7583,-19.2682
957,55148.3,-64.5141,15.8942
958,55553.5,-52.2942,-164.409
959,55961.6,-65.2001,-172.314
960,56372.8,-54.067,56.923
961,56787,-55.1853,139.023
962,57204.2,-58.5846,83.1353
963,57624.5,-36.7855,153.574
964,58047.9,-48.3974,-34.379
965,58474.4,-46.4079,-64.7522
966,58904.1,-50.4421,2.15382
967,59336.9,-52.9043,-76.6234
968,59772.8,-55.2114,53.794
969,60212,-50.2073,-106.963
970,60654.4,-51.7764,-95.012
971,61100.1,-53.0388,-124.409
972,61549,-54.8432,83.311
973,62001.2,-55.6501,109.251
974,62456.8,-49.6294,-118.663
975,62915.7,-49.4575,67.6241
976,63377.9,-61.7169,1.33506
977,63843.6,-53.2173,100.653
978,64312.7,-48.6524,144.761
979,64785.2,-60.9212,-116.076
980,65261.2,-50.3932,40.4168
981,65740.7,-62.1064,-161.802
982,66223.7,-48.3671,63.9859
983,66710.3,-58.0409,-126.715
984,67200.5,-60.0396,-125.342
985,67694.2,-52.8478,-108.098
986,68191.6,-51.2871,-100.795
987,68692.6,-50.8668,-128.042
988,69197.3,-54.238,-3.60526
989,69705.7,-57.4395,135.278
990,70217.9,-53.0161,-21.5531
991,70733.8,-57.7423,-117.364
992,71253.5,-61.0312,95.4124
993,71777.1,-60.6014,91.504
994,72304.4,-61.2276,152.164
995,72835.7,-60.0342,-161.104
996,73370.8,-67.9868,11.0215
997,73909.9,-55.2017,-77.3158
998,74453,-50.8847,-75.0324
999,75000,-67.5818,153.947
