X,CH1,CH2,
0,4.88e-01,0.00e+00,
1,5.20e-01,8.00e-02,
2,5.20e-01,0.00e+00,
3,4.88e-01,8.00e-02,
4,7.20e-01,0.00e+00,
5,3.52e-01,8.00e-02,
6,4.64e-01,0.00e+00,
7,5.44e-01,8.00e-02,
8,3.04e-01,8.00e-02,
9,7.04e-01,0.00e+00,
10,5.28e-01,8.00e-02,
11,4.88e-01,0.00e+00,
12,4.88e-01,0.00e+00,
13,5.20e-01,8.00e-02,
14,4.88e-01,0.00e+00,
15,5.20e-01,8.00e-02,
16,4.88e-01,0.00e+00,
17,5.20e-01,8.00e-02,
18,4.88e-01,0.00e+00,
19,5.28e-01,8.00e-02,
20,4.88e-01,0.00e+00,
21,5.20e-01,8.00e-02,
22,4.88e-01,0.00e+00,
23,5.20e-01,8.00e-02,
24,4.88e-01,0.00e+00,
25,5.28e-01,8.00e-02,
26,4.88e-01,8.00e-02,
27,5.20e-01,0.00e+00,
28,7.04e-01,0.00e+00,
29,2.64e-01,8.00e-02,
30,7.04e-01,0.00e+00,
31,4.32e-01,8.00e-02,
32,5.60e-01,0.00e+00,
33,4.56e-01,8.00e-02,
34,3.92e-01,0.00e+00,
35,6.32e-01,8.00e-02,
36,2.00e-01,8.00e-02,
37,6.72e-01,0.00e+00,
38,6.96e-01,0.00e+00,
39,2.48e-01,8.00e-02,
40,1.36e-01,0.00e+00,
41,6.96e-01,8.00e-02,
42,2.64e-01,0.00e+00,
43,6.16e-01,8.00e-02,
44,4.16e-01,8.00e-02,
45,6.16e-01,0.00e+00,
46,7.76e-01,0.00e+00,
47,9.60e-02,2.56e+00,
48,4.48e-01,2.48e+00,
49,5.68e-01,2.56e+00,
50,3.44e-01,2.54e+00,
51,5.92e-01,0.00e+00,
52,7.12e-01,0.00e+00,
53,1.52e-01,8.00e-02,
54,2.80e-01,6.00e-02,
55,6.64e-01,0.00e+00,
56,4.00e-01,8.00e-02,
57,6.72e-01,0.00e+00,
58,2.00e-01,8.00e-02,
59,6.96e-01,0.00e+00,
60,3.68e-01,8.00e-02,
61,6.16e-01,0.00e+00,
62,4.08e-01,0.00e+00,
63,6.08e-01,8.00e-02,
64,3.84e-01,8.00e-02,
65,5.92e-01,0.00e+00,
66,4.56e-01,0.00e+00,
67,5.92e-01,8.00e-02,
68,5.60e-01,8.00e-02,
69,4.72e-01,0.00e+00,
70,4.88e-01,0.00e+00,
71,5.36e-01,8.00e-02,
72,4.56e-01,8.00e-02,
73,5.92e-01,0.00e+00,
74,4.56e-01,8.00e-02,
75,5.68e-01,0.00e+00,
76,5.20e-01,8.00e-02,
77,4.88e-01,0.00e+00,
78,4.88e-01,0.00e+00,
79,5.20e-01,8.00e-02,
80,4.88e-01,0.00e+00,
81,5.36e-01,8.00e-02,
82,7.04e-01,8.00e-02,
83,3.52e-01,0.00e+00,
84,2.56e-01,0.00e+00,
85,6.88e-01,8.00e-02,
86,4.80e-01,0.00e+00,
87,5.36e-01,8.00e-02,
88,4.88e-01,0.00e+00,
89,5.28e-01,8.00e-02,
90,4.80e-01,0.00e+00,
91,5.28e-01,8.00e-02,
92,4.88e-01,0.00e+00,
93,5.20e-01,8.00e-02,
94,4.88e-01,8.00e-02,
95,5.20e-01,0.00e+00,
96,4.88e-01,0.00e+00,
97,5.20e-01,8.00e-02,
98,4.88e-01,0.00e+00,
99,5.28e-01,8.00e-02,
100,4.88e-01,0.00e+00,
101,5.20e-01,8.00e-02,
102,4.88e-01,8.00e-02,
103,5.28e-01,0.00e+00,
104,4.88e-01,8.00e-02,
105,5.20e-01,0.00e+00,
106,4.88e-01,0.00e+00,
107,5.28e-01,8.00e-02,
108,4.88e-01,0.00e+00,
109,5.28e-01,8.00e-02,
110,4.88e-01,8.00e-02,
111,5.36e-01,0.00e+00,
112,7.04e-01,8.00e-02,
113,3.76e-01,0.00e+00,
114,5.44e-01,0.00e+00,
115,4.88e-01,8.00e-02,
116,2.56e-01,0.00e+00,
117,6.72e-01,8.00e-02,
118,5.20e-01,0.00e+00,
119,4.88e-01,8.00e-02,
120,4.88e-01,0.00e+00,
121,5.28e-01,8.00e-02,
122,4.88e-01,0.00e+00,
123,5.28e-01,8.00e-02,
124,4.88e-01,8.00e-02,
125,5.28e-01,0.00e+00,
126,5.20e-01,0.00e+00,
127,4.88e-01,8.00e-02,
128,4.88e-01,8.00e-02,
129,5.28e-01,0.00e+00,
130,4.88e-01,8.00e-02,
131,5.28e-01,0.00e+00,
132,4.88e-01,0.00e+00,
133,5.28e-01,8.00e-02,
134,4.88e-01,0.00e+00,
135,5.28e-01,8.00e-02,
136,4.88e-01,8.00e-02,
137,5.28e-01,0.00e+00,
138,5.20e-01,0.00e+00,
139,4.88e-01,8.00e-02,
140,4.88e-01,8.00e-02,
141,5.36e-01,2.00e-02,
142,4.88e-01,8.00e-02,
143,5.28e-01,0.00e+00,
144,7.12e-01,8.00e-02,
145,3.52e-01,0.00e+00,
146,4.80e-01,0.00e+00,
147,5.44e-01,8.00e-02,
148,2.56e-01,0.00e+00,
149,7.04e-01,8.00e-02,
150,4.88e-01,8.00e-02,
151,5.28e-01,0.00e+00,
152,4.88e-01,0.00e+00,
153,5.28e-01,8.00e-02,
154,5.20e-01,0.00e+00,
155,4.88e-01,8.00e-02,
156,4.88e-01,8.00e-02,
157,5.28e-01,0.00e+00,
158,5.20e-01,8.00e-02,
159,4.88e-01,0.00e+00,
160,5.20e-01,0.00e+00,
161,4.88e-01,8.00e-02,
162,4.88e-01,8.00e-02,
163,5.28e-01,0.00e+00,
164,4.88e-01,0.00e+00,
165,5.20e-01,8.00e-02,
166,4.88e-01,0.00e+00,
167,5.20e-01,8.00e-02,
168,4.88e-01,0.00e+00,
169,5.20e-01,8.00e-02,
170,4.88e-01,0.00e+00,
171,5.20e-01,8.00e-02,
172,4.88e-01,0.00e+00,
173,5.20e-01,8.00e-02,
174,4.88e-01,8.00e-02,
175,5.28e-01,0.00e+00,
176,6.80e-01,0.00e+00,
177,3.68e-01,8.00e-02,
178,5.44e-01,0.00e+00,
179,4.88e-01,8.00e-02,
180,2.64e-01,0.00e+00,
181,6.96e-01,8.00e-02,
182,4.88e-01,6.00e-02,
183,5.20e-01,0.00e+00,
184,4.88e-01,0.00e+00,
185,5.20e-01,8.00e-02,
186,4.88e-01,8.00e-02,
187,5.20e-01,0.00e+00,
188,4.88e-01,6.00e-02,
189,5.20e-01,0.00e+00,
190,4.88e-01,0.00e+00,
191,5.20e-01,8.00e-02,
192,4.88e-01,0.00e+00,
193,5.20e-01,8.00e-02,
194,4.88e-01,6.00e-02,
195,5.20e-01,0.00e+00,
196,4.88e-01,8.00e-02,
197,5.20e-01,0.00e+00,
198,5.20e-01,0.00e+00,
199,4.88e-01,8.00e-02,
200,4.88e-01,8.00e-02,
201,5.28e-01,0.00e+00,
202,4.88e-01,0.00e+00,
203,5.20e-01,8.00e-02,
204,4.88e-01,2.00e-02,
205,5.20e-01,8.00e-02,
206,5.28e-01,8.00e-02,
207,4.88e-01,0.00e+00,
208,7.20e-01,8.00e-02,
209,3.52e-01,0.00e+00,
210,4.88e-01,8.00e-02,
211,5.36e-01,0.00e+00,
212,2.56e-01,8.00e-02,
213,6.96e-01,0.00e+00,
214,4.88e-01,8.00e-02,
215,5.28e-01,0.00e+00,
216,4.88e-01,8.00e-02,
217,5.28e-01,0.00e+00,
218,4.88e-01,8.00e-02,
219,5.20e-01,0.00e+00,
220,4.88e-01,8.00e-02,
221,5.28e-01,0.00e+00,
222,5.20e-01,0.00e+00,
223,4.88e-01,8.00e-02,
224,5.20e-01,0.00e+00,
225,4.88e-01,8.00e-02,
226,4.88e-01,0.00e+00,
227,5.28e-01,8.00e-02,
228,4.88e-01,0.00e+00,
229,5.28e-01,8.00e-02,
230,5.20e-01,6.00e-02,
231,4.88e-01,0.00e+00,
232,4.88e-01,8.00e-02,
233,5.28e-01,0.00e+00,
234,5.76e-01,8.00e-02,
235,3.92e-01,0.00e+00,
236,2.48e-01,0.00e+00,
237,7.28e-01,8.00e-02,
238,4.64e-01,8.00e-02,
239,5.44e-01,0.00e+00,
240,5.28e-01,0.00e+00,
241,4.88e-01,8.00e-02,
242,5.44e-01,0.00e+00,
243,4.80e-01,8.00e-02,
244,5.28e-01,0.00e+00,
245,4.80e-01,8.00e-02,
246,4.88e-01,8.00e-02,
247,5.20e-01,0.00e+00,
248,4.88e-01,0.00e+00,
249,5.28e-01,8.00e-02,
250,4.88e-01,0.00e+00,
251,5.20e-01,8.00e-02,
252,6.16e-01,0.00e+00,
253,3.52e-01,8.00e-02,
254,2.32e-01,0.00e+00,
255,7.60e-01,2.56e+00,
256,1.60e-01,2.48e+00,
257,6.00e-01,2.56e+00,
258,4.64e-01,2.54e+00,
259,5.60e-01,0.00e+00,
260,5.60e-01,0.00e+00,
261,4.64e-01,8.00e-02,
262,4.72e-01,8.00e-02,
263,5.60e-01,0.00e+00,
264,5.84e-01,8.00e-02,
265,4.08e-01,0.00e+00,
266,7.60e-01,0.00e+00,
267,1.44e-01,2.56e+00,
268,4.64e-01,2.48e+00,
269,5.52e-01,2.54e+00,
270,4.72e-01,2.54e+00,
271,5.52e-01,-2.00e-02,
272,4.80e-01,8.00e-02,
273,5.44e-01,0.00e+00,
274,4.88e-01,0.00e+00,
275,5.36e-01,8.00e-02,
276,4.88e-01,0.00e+00,
277,5.36e-01,8.00e-02,
278,4.40e-01,0.00e+00,
279,5.68e-01,8.00e-02,
280,4.48e-01,0.00e+00,
281,6.00e-01,8.00e-02,
282,5.52e-01,8.00e-02,
283,4.80e-01,0.00e+00,
284,4.88e-01,8.00e-02,
285,5.28e-01,0.00e+00,
286,5.20e-01,0.00e+00,
287,4.88e-01,8.00e-02,
288,4.88e-01,0.00e+00,
289,5.36e-01,8.00e-02,
290,4.40e-01,8.00e-02,
291,5.60e-01,0.00e+00,
292,4.88e-01,8.00e-02,
293,5.36e-01,0.00e+00,
294,5.20e-01,0.00e+00,
295,4.80e-01,8.00e-02,
296,4.80e-01,8.00e-02,
297,5.44e-01,0.00e+00,
298,6.88e-01,8.00e-02,
299,3.44e-01,0.00e+00,
300,2.40e-01,8.00e-02,
301,7.12e-01,0.00e+00,
302,5.60e-01,8.00e-02,
303,4.40e-01,0.00e+00,
304,5.60e-01,0.00e+00,
305,4.56e-01,8.00e-02,
306,4.48e-01,0.00e+00,
307,5.60e-01,8.00e-02,
308,5.44e-01,0.00e+00,
309,4.72e-01,8.00e-02,
310,5.92e-01,8.00e-02,
311,4.08e-01,2.00e-02,
312,7.60e-01,0.00e+00,
313,1.52e-01,2.56e+00,
314,5.76e-01,2.54e+00,
315,4.24e-01,0.00e+00,
316,5.76e-01,0.00e+00,
317,4.56e-01,8.00e-02,
318,2.56e-01,8.00e-02,
319,6.96e-01,0.00e+00,
320,4.64e-01,0.00e+00,
321,5.52e-01,8.00e-02,
322,5.60e-01,0.00e+00,
323,4.56e-01,8.00e-02,
324,4.72e-01,0.00e+00,
325,5.44e-01,8.00e-02,
326,4.64e-01,0.00e+00,
327,5.52e-01,8.00e-02,
328,4.80e-01,0.00e+00,
329,5.36e-01,8.00e-02,
330,4.88e-01,8.00e-02,
331,5.36e-01,0.00e+00,
332,4.88e-01,0.00e+00,
333,5.28e-01,8.00e-02,
334,5.36e-01,0.00e+00,
335,4.64e-01,8.00e-02,
336,4.56e-01,0.00e+00,
337,5.76e-01,8.00e-02,
338,4.88e-01,0.00e+00,
339,5.20e-01,8.00e-02,
340,4.88e-01,0.00e+00,
341,5.20e-01,8.00e-02,
342,4.88e-01,0.00e+00,
343,5.28e-01,8.00e-02,
344,4.88e-01,0.00e+00,
345,5.28e-01,8.00e-02,
346,5.20e-01,0.00e+00,
347,4.88e-01,8.00e-02,
348,4.88e-01,0.00e+00,
349,5.28e-01,8.00e-02,
350,6.00e-01,8.00e-02,
351,3.92e-01,0.00e+00,
352,7.68e-01,0.00e+00,
353,8.80e-02,2.58e+00,
354,5.28e-01,2.56e+00,
355,4.88e-01,2.48e+00,
356,4.88e-01,2.56e+00,
357,5.36e-01,0.00e+00,
358,4.80e-01,0.00e+00,
359,5.36e-01,8.00e-02,
360,5.20e-01,8.00e-02,
361,4.88e-01,0.00e+00,
362,5.28e-01,8.00e-02,
363,4.88e-01,0.00e+00,
364,5.20e-01,0.00e+00,
365,4.88e-01,8.00e-02,
366,5.20e-01,8.00e-02,
367,4.88e-01,0.00e+00,
368,4.88e-01,8.00e-02,
369,5.28e-01,0.00e+00,
370,5.20e-01,8.00e-02,
371,4.88e-01,2.00e-02,
372,4.88e-01,8.00e-02,
373,5.28e-01,0.00e+00,
374,4.88e-01,8.00e-02,
375,5.28e-01,0.00e+00,
376,4.88e-01,8.00e-02,
377,5.28e-01,0.00e+00,
378,4.88e-01,0.00e+00,
379,5.20e-01,8.00e-02,
380,6.96e-01,8.00e-02,
381,3.52e-01,0.00e+00,
382,5.44e-01,0.00e+00,
383,4.88e-01,8.00e-02,
384,2.56e-01,8.00e-02,
385,6.96e-01,0.00e+00,
386,5.20e-01,2.00e-02,
387,4.88e-01,8.00e-02,
388,4.88e-01,8.00e-02,
389,5.28e-01,2.00e-02,
390,4.88e-01,0.00e+00,
391,5.20e-01,8.00e-02,
392,4.88e-01,8.00e-02,
393,5.20e-01,0.00e+00,
394,4.88e-01,8.00e-02,
395,5.28e-01,-2.00e-02,
396,4.88e-01,0.00e+00,
397,5.28e-01,8.00e-02,
398,5.20e-01,0.00e+00,
399,4.88e-01,8.00e-02,
400,5.20e-01,0.00e+00,
401,4.88e-01,8.00e-02,
402,4.88e-01,0.00e+00,
403,5.28e-01,8.00e-02,
404,5.20e-01,8.00e-02,
405,4.88e-01,0.00e+00,
406,5.20e-01,0.00e+00,
407,4.88e-01,8.00e-02,
408,4.88e-01,8.00e-02,
409,5.28e-01,0.00e+00,
410,4.88e-01,8.00e-02,
411,5.20e-01,0.00e+00,
412,7.12e-01,0.00e+00,
413,3.60e-01,8.00e-02,
414,5.44e-01,8.00e-02,
415,4.88e-01,0.00e+00,
416,2.56e-01,0.00e+00,
417,6.72e-01,8.00e-02,
418,4.88e-01,0.00e+00,
419,5.20e-01,8.00e-02,
420,4.88e-01,0.00e+00,
421,5.28e-01,8.00e-02,
422,4.88e-01,8.00e-02,
423,5.20e-01,0.00e+00,
424,4.88e-01,0.00e+00,
425,5.20e-01,8.00e-02,
426,4.88e-01,0.00e+00,
427,5.20e-01,8.00e-02,
428,4.88e-01,0.00e+00,
429,5.20e-01,8.00e-02,
430,4.88e-01,0.00e+00,
431,5.20e-01,8.00e-02,
432,4.88e-01,0.00e+00,
433,5.20e-01,8.00e-02,
434,4.88e-01,8.00e-02,
435,5.20e-01,0.00e+00,
436,4.88e-01,0.00e+00,
437,5.28e-01,8.00e-02,
438,4.88e-01,8.00e-02,
439,5.28e-01,0.00e+00,
440,5.20e-01,0.00e+00,
441,4.88e-01,8.00e-02,
442,4.88e-01,8.00e-02,
443,5.28e-01,0.00e+00,
444,7.04e-01,0.00e+00,
445,3.44e-01,8.00e-02,
446,5.36e-01,0.00e+00,
447,4.88e-01,8.00e-02,
448,2.64e-01,0.00e+00,
449,6.96e-01,8.00e-02,
450,4.88e-01,8.00e-02,
451,5.28e-01,0.00e+00,
452,5.20e-01,8.00e-02,
453,4.88e-01,0.00e+00,
454,5.20e-01,8.00e-02,
455,4.88e-01,0.00e+00,
456,5.20e-01,0.00e+00,
457,4.88e-01,8.00e-02,
458,4.88e-01,8.00e-02,
459,5.28e-01,0.00e+00,
460,5.28e-01,8.00e-02,
461,4.88e-01,0.00e+00,
462,5.20e-01,0.00e+00,
463,4.88e-01,8.00e-02,
464,5.28e-01,8.00e-02,
465,4.88e-01,0.00e+00,
466,4.88e-01,8.00e-02,
467,5.20e-01,0.00e+00,
468,4.88e-01,8.00e-02,
469,5.28e-01,0.00e+00,
470,5.20e-01,2.00e-02,
471,4.88e-01,8.00e-02,
472,4.88e-01,8.00e-02,
473,5.28e-01,0.00e+00,
474,4.88e-01,0.00e+00,
475,5.20e-01,8.00e-02,
476,7.12e-01,8.00e-02,
477,3.52e-01,0.00e+00,
478,5.44e-01,8.00e-02,
479,4.88e-01,0.00e+00,
480,2.56e-01,8.00e-02,
481,7.04e-01,0.00e+00,
482,4.88e-01,8.00e-02,
483,5.20e-01,0.00e+00,
484,4.88e-01,0.00e+00,
485,5.28e-01,8.00e-02,
486,4.88e-01,0.00e+00,
487,5.28e-01,8.00e-02,
488,4.88e-01,6.00e-02,
489,5.20e-01,0.00e+00,
490,4.88e-01,0.00e+00,
491,5.20e-01,8.00e-02,
492,4.88e-01,0.00e+00,
493,5.20e-01,8.00e-02,
494,4.88e-01,0.00e+00,
495,5.20e-01,8.00e-02,
496,4.88e-01,0.00e+00,
497,5.20e-01,8.00e-02,
498,4.88e-01,0.00e+00,
499,5.28e-01,8.00e-02,
500,4.88e-01,0.00e+00,
501,5.28e-01,8.00e-02,
502,4.88e-01,0.00e+00,
503,5.20e-01,8.00e-02,
504,4.88e-01,0.00e+00,
505,5.28e-01,8.00e-02,
506,4.88e-01,0.00e+00,
507,5.28e-01,8.00e-02,
508,7.20e-01,0.00e+00,
509,3.52e-01,8.00e-02,
510,4.64e-01,0.00e+00,
511,5.44e-01,8.00e-02,
512,2.88e-01,0.00e+00,
513,6.96e-01,8.00e-02,
514,5.60e-02,0.00e+00,
515,7.84e-01,2.56e+00,
516,7.20e-02,2.56e+00,
517,7.76e-01,2.48e+00,
518,7.76e-01,2.54e+00,
519,6.40e-02,2.48e+00,
520,4.08e-01,2.54e+00,
521,5.76e-01,2.48e+00,
522,4.16e-01,2.54e+00,
523,5.76e-01,1.84e+00,
524,6.88e-01,-2.00e-02,
525,3.28e-01,6.00e-02,
526,3.76e-01,8.00e-02,
527,7.04e-01,0.00e+00,
528,2.72e-01,0.00e+00,
529,6.32e-01,8.00e-02,
530,4.16e-01,0.00e+00,
531,5.60e-01,8.00e-02,
532,5.52e-01,0.00e+00,
533,4.64e-01,8.00e-02,
534,4.56e-01,8.00e-02,
535,5.52e-01,0.00e+00,
536,5.60e-01,0.00e+00,
537,4.48e-01,8.00e-02,
538,4.08e-01,8.00e-02,
539,5.76e-01,0.00e+00,
540,4.16e-01,8.00e-02,
541,5.76e-01,0.00e+00,
542,5.52e-01,2.00e-02,
543,4.64e-01,8.00e-02,
544,5.44e-01,0.00e+00,
545,4.56e-01,8.00e-02,
546,5.84e-01,0.00e+00,
547,4.40e-01,8.00e-02,
548,7.68e-01,0.00e+00,
549,8.80e-02,2.56e+00,
550,4.80e-01,2.48e+00,
551,5.44e-01,2.54e+00,
552,5.36e-01,1.28e+00,
553,4.72e-01,-2.00e-02,
554,4.88e-01,8.00e-02,
555,5.36e-01,0.00e+00,
556,5.28e-01,8.00e-02,
557,4.88e-01,0.00e+00,
558,4.88e-01,6.00e-02,
559,5.28e-01,0.00e+00,
560,5.20e-01,8.00e-02,
561,4.88e-01,0.00e+00,
562,4.88e-01,0.00e+00,
563,5.28e-01,8.00e-02,
564,4.88e-01,0.00e+00,
565,5.20e-01,8.00e-02,
566,5.20e-01,0.00e+00,
567,4.88e-01,8.00e-02,
568,4.88e-01,0.00e+00,
569,5.20e-01,8.00e-02,
570,4.88e-01,0.00e+00,
571,5.20e-01,8.00e-02,
572,5.60e-01,0.00e+00,
573,4.48e-01,8.00e-02,
574,4.80e-01,0.00e+00,
575,5.36e-01,8.00e-02,
576,7.60e-01,0.00e+00,
577,6.40e-02,2.56e+00,
578,5.20e-01,2.54e+00,
579,4.88e-01,2.00e-02,
580,4.88e-01,-2.00e-02,
581,5.28e-01,8.00e-02,
582,4.88e-01,0.00e+00,
583,5.20e-01,8.00e-02,
584,5.20e-01,8.00e-02,
585,4.88e-01,0.00e+00,
586,4.88e-01,0.00e+00,
587,5.20e-01,8.00e-02,
588,4.88e-01,0.00e+00,
589,5.20e-01,8.00e-02,
590,5.20e-01,0.00e+00,
591,4.88e-01,8.00e-02,
592,4.88e-01,8.00e-02,
593,5.20e-01,0.00e+00,
594,4.88e-01,0.00e+00,
595,5.20e-01,8.00e-02,
596,4.88e-01,8.00e-02,
597,5.20e-01,0.00e+00,
598,5.20e-01,8.00e-02,
599,4.88e-01,0.00e+00,
600,5.20e-01,0.00e+00,
601,4.88e-01,8.00e-02,
602,5.20e-01,8.00e-02,
603,4.88e-01,0.00e+00,
604,7.04e-01,0.00e+00,
605,3.52e-01,8.00e-02,
606,5.28e-01,8.00e-02,
607,4.88e-01,0.00e+00,
608,2.64e-01,0.00e+00,
609,6.96e-01,8.00e-02,
610,5.20e-01,8.00e-02,
611,4.88e-01,0.00e+00,
612,4.88e-01,8.00e-02,
613,5.36e-01,0.00e+00,
614,5.20e-01,0.00e+00,
615,4.88e-01,8.00e-02,
616,5.20e-01,0.00e+00,
617,4.88e-01,8.00e-02,
618,4.88e-01,8.00e-02,
619,5.28e-01,0.00e+00,
620,5.20e-01,0.00e+00,
621,4.88e-01,8.00e-02,
622,5.20e-01,8.00e-02,
623,4.88e-01,0.00e+00,
624,4.88e-01,0.00e+00,
625,5.28e-01,8.00e-02,
626,4.88e-01,8.00e-02,
627,5.28e-01,0.00e+00,
628,5.20e-01,0.00e+00,
629,4.88e-01,8.00e-02,
630,5.20e-01,0.00e+00,
631,4.88e-01,8.00e-02,
632,5.20e-01,0.00e+00,
633,4.88e-01,8.00e-02,
634,5.28e-01,8.00e-02,
635,4.88e-01,0.00e+00,
636,7.12e-01,8.00e-02,
637,3.52e-01,0.00e+00,
638,5.44e-01,0.00e+00,
639,4.88e-01,8.00e-02,
640,2.56e-01,0.00e+00,
641,6.96e-01,8.00e-02,
642,4.88e-01,8.00e-02,
643,5.20e-01,0.00e+00,
644,4.88e-01,8.00e-02,
645,5.28e-01,0.00e+00,
646,4.88e-01,8.00e-02,
647,5.20e-01,0.00e+00,
648,4.88e-01,8.00e-02,
649,5.20e-01,0.00e+00,
650,4.88e-01,6.00e-02,
651,5.20e-01,0.00e+00,
652,4.88e-01,0.00e+00,
653,5.20e-01,8.00e-02,
654,4.88e-01,8.00e-02,
655,5.20e-01,0.00e+00,
656,4.88e-01,0.00e+00,
657,5.20e-01,8.00e-02,
658,4.88e-01,0.00e+00,
659,5.20e-01,8.00e-02,
660,5.20e-01,0.00e+00,
661,4.88e-01,8.00e-02,
662,4.88e-01,0.00e+00,
663,5.20e-01,8.00e-02,
664,4.88e-01,0.00e+00,
665,5.20e-01,8.00e-02,
666,4.88e-01,8.00e-02,
667,5.20e-01,0.00e+00,
668,6.48e-01,8.00e-02,
669,3.52e-01,0.00e+00,
670,5.36e-01,0.00e+00,
671,4.88e-01,8.00e-02,
672,2.96e-01,8.00e-02,
673,6.96e-01,0.00e+00,
674,5.20e-01,0.00e+00,
675,4.88e-01,8.00e-02,
676,4.88e-01,0.00e+00,
677,5.28e-01,8.00e-02,
678,5.20e-01,8.00e-02,
679,4.88e-01,0.00e+00,
680,5.20e-01,8.00e-02,
681,4.88e-01,0.00e+00,
682,4.88e-01,8.00e-02,
683,5.28e-01,0.00e+00,
684,5.20e-01,0.00e+00,
685,4.88e-01,8.00e-02,
686,5.20e-01,0.00e+00,
687,4.88e-01,8.00e-02,
688,4.88e-01,8.00e-02,
689,5.28e-01,0.00e+00,
690,4.88e-01,8.00e-02,
691,5.28e-01,0.00e+00,
692,5.20e-01,0.00e+00,
693,4.88e-01,8.00e-02,
694,4.88e-01,8.00e-02,
695,5.28e-01,0.00e+00,
696,4.88e-01,8.00e-02,
697,5.28e-01,0.00e+00,
698,5.20e-01,0.00e+00,
699,4.88e-01,8.00e-02,
700,7.12e-01,8.00e-02,
701,3.52e-01,0.00e+00,
702,5.44e-01,8.00e-02,
703,4.88e-01,0.00e+00,
704,2.56e-01,2.00e-02,
705,6.96e-01,8.00e-02,
706,5.20e-01,0.00e+00,
707,4.88e-01,8.00e-02,
708,4.88e-01,0.00e+00,
709,5.28e-01,8.00e-02,
710,5.28e-01,8.00e-02,
711,4.88e-01,0.00e+00,
712,5.20e-01,6.00e-02,
713,4.88e-01,0.00e+00,
714,4.88e-01,8.00e-02,
715,5.28e-01,0.00e+00,
716,4.88e-01,0.00e+00,
717,5.28e-01,8.00e-02,
718,5.20e-01,0.00e+00,
719,4.88e-01,8.00e-02,
720,5.28e-01,0.00e+00,
721,4.88e-01,8.00e-02,
722,5.20e-01,8.00e-02,
723,4.88e-01,0.00e+00,
724,5.20e-01,0.00e+00,
725,4.88e-01,8.00e-02,
726,5.20e-01,0.00e+00,
727,4.88e-01,8.00e-02,
728,4.88e-01,8.00e-02,
729,5.20e-01,0.00e+00,
730,4.88e-01,8.00e-02,
731,5.28e-01,0.00e+00,
732,6.88e-01,8.00e-02,
733,3.68e-01,0.00e+00,
734,5.28e-01,6.00e-02,
735,4.88e-01,0.00e+00,
736,2.56e-01,0.00e+00,
737,6.96e-01,8.00e-02,
738,4.88e-01,0.00e+00,
739,5.20e-01,8.00e-02,
740,4.88e-01,0.00e+00,
741,5.36e-01,8.00e-02,
742,5.20e-01,0.00e+00,
743,4.88e-01,8.00e-02,
744,5.20e-01,8.00e-02,
745,4.88e-01,0.00e+00,
746,5.20e-01,0.00e+00,
747,4.88e-01,8.00e-02,
748,4.88e-01,8.00e-02,
749,5.20e-01,0.00e+00,
750,5.20e-01,0.00e+00,
751,4.88e-01,8.00e-02,
752,5.20e-01,0.00e+00,
753,4.88e-01,8.00e-02,
754,4.88e-01,0.00e+00,
755,5.20e-01,8.00e-02,
756,4.88e-01,0.00e+00,
757,5.20e-01,8.00e-02,
758,4.88e-01,0.00e+00,
759,5.20e-01,8.00e-02,
760,4.88e-01,0.00e+00,
761,5.28e-01,8.00e-02,
762,5.20e-01,0.00e+00,
763,4.88e-01,8.00e-02,
764,7.12e-01,-2.00e-02,
765,3.52e-01,8.00e-02,
766,5.36e-01,0.00e+00,
767,4.88e-01,8.00e-02,
768,2.56e-01,2.00e-02,
769,6.96e-01,8.00e-02,
770,5.20e-01,0.00e+00,
771,4.88e-01,8.00e-02,
772,4.88e-01,8.00e-02,
773,5.28e-01,0.00e+00,
774,4.88e-01,8.00e-02,
775,5.28e-01,2.00e-02,
776,4.88e-01,0.00e+00,
777,5.20e-01,8.00e-02,
778,5.20e-01,0.00e+00,
779,4.88e-01,8.00e-02,
780,4.88e-01,8.00e-02,
781,5.28e-01,0.00e+00,
782,4.88e-01,8.00e-02,
783,5.28e-01,0.00e+00,
784,4.88e-01,8.00e-02,
785,5.20e-01,0.00e+00,
786,5.20e-01,8.00e-02,
787,4.88e-01,0.00e+00,
788,5.20e-01,2.00e-02,
789,4.88e-01,8.00e-02,
790,5.20e-01,8.00e-02,
791,4.88e-01,0.00e+00,
792,4.88e-01,8.00e-02,
793,5.28e-01,0.00e+00,
794,4.88e-01,8.00e-02,
795,5.28e-01,0.00e+00,
796,7.20e-01,0.00e+00,
797,3.52e-01,8.00e-02,
798,5.36e-01,8.00e-02,
799,4.88e-01,0.00e+00,
800,2.56e-01,0.00e+00,
801,6.96e-01,8.00e-02,
802,5.20e-01,8.00e-02,
803,4.88e-01,0.00e+00,
804,5.20e-01,0.00e+00,
805,4.88e-01,8.00e-02,
806,5.20e-01,0.00e+00,
807,4.88e-01,8.00e-02,
808,4.88e-01,8.00e-02,
809,5.20e-01,0.00e+00,
810,4.88e-01,0.00e+00,
811,5.20e-01,8.00e-02,
812,4.88e-01,8.00e-02,
813,5.20e-01,0.00e+00,
814,4.88e-01,8.00e-02,
815,5.20e-01,0.00e+00,
816,4.88e-01,0.00e+00,
817,5.20e-01,8.00e-02,
818,4.88e-01,0.00e+00,
819,5.20e-01,8.00e-02,
820,4.88e-01,0.00e+00,
821,5.20e-01,8.00e-02,
822,5.28e-01,0.00e+00,
823,4.88e-01,8.00e-02,
824,5.20e-01,0.00e+00,
825,4.88e-01,8.00e-02,
826,5.20e-01,0.00e+00,
827,4.88e-01,8.00e-02,
828,6.24e-01,8.00e-02,
829,3.52e-01,0.00e+00,
830,4.88e-01,8.00e-02,
831,5.20e-01,0.00e+00,
832,2.56e-01,8.00e-02,
833,6.96e-01,0.00e+00,
834,4.88e-01,0.00e+00,
835,5.20e-01,8.00e-02,
836,4.88e-01,8.00e-02,
837,5.20e-01,0.00e+00,
838,4.88e-01,0.00e+00,
839,5.20e-01,8.00e-02,
840,4.88e-01,0.00e+00,
841,5.28e-01,8.00e-02,
842,5.20e-01,8.00e-02,
843,4.88e-01,0.00e+00,
844,4.88e-01,8.00e-02,
845,5.28e-01,0.00e+00,
846,4.88e-01,0.00e+00,
847,5.28e-01,8.00e-02,
848,5.20e-01,8.00e-02,
849,4.88e-01,0.00e+00,
850,4.88e-01,8.00e-02,
851,5.28e-01,0.00e+00,
852,4.88e-01,0.00e+00,
853,5.20e-01,8.00e-02,
854,5.20e-01,8.00e-02,
855,4.88e-01,0.00e+00,
856,4.88e-01,8.00e-02,
857,5.28e-01,0.00e+00,
858,4.88e-01,8.00e-02,
859,5.28e-01,0.00e+00,
860,7.12e-01,8.00e-02,
861,3.52e-01,0.00e+00,
862,4.88e-01,0.00e+00,
863,5.36e-01,8.00e-02,
864,2.56e-01,0.00e+00,
865,6.96e-01,8.00e-02,
866,5.20e-01,0.00e+00,
867,4.88e-01,8.00e-02,
868,4.88e-01,8.00e-02,
869,5.28e-01,0.00e+00,
870,4.88e-01,0.00e+00,
871,5.28e-01,8.00e-02,
872,5.20e-01,2.00e-02,
873,4.88e-01,8.00e-02,
874,4.88e-01,8.00e-02,
875,5.20e-01,0.00e+00,
876,4.88e-01,0.00e+00,
877,5.28e-01,8.00e-02,
878,4.88e-01,0.00e+00,
879,5.28e-01,8.00e-02,
880,4.88e-01,0.00e+00,
881,5.20e-01,8.00e-02,
882,4.88e-01,0.00e+00,
883,5.20e-01,8.00e-02,
884,4.88e-01,8.00e-02,
885,5.28e-01,0.00e+00,
886,5.20e-01,8.00e-02,
887,4.88e-01,0.00e+00,
888,4.88e-01,0.00e+00,
889,5.20e-01,8.00e-02,
890,4.88e-01,0.00e+00,
891,5.20e-01,8.00e-02,
892,7.20e-01,8.00e-02,
893,3.52e-01,0.00e+00,
894,4.88e-01,0.00e+00,
895,5.20e-01,8.00e-02,
896,3.20e-01,8.00e-02,
897,6.96e-01,0.00e+00,
898,4.88e-01,0.00e+00,
899,5.20e-01,8.00e-02,
900,4.88e-01,8.00e-02,
901,5.20e-01,0.00e+00,
902,4.88e-01,0.00e+00,
903,5.20e-01,8.00e-02,
904,4.88e-01,8.00e-02,
905,5.20e-01,0.00e+00,
906,4.88e-01,0.00e+00,
907,5.20e-01,8.00e-02,
908,4.88e-01,0.00e+00,
909,5.20e-01,8.00e-02,
910,4.88e-01,0.00e+00,
911,5.20e-01,8.00e-02,
912,4.88e-01,0.00e+00,
913,5.20e-01,8.00e-02,
914,4.88e-01,6.00e-02,
915,5.20e-01,0.00e+00,
916,5.20e-01,8.00e-02,
917,4.88e-01,0.00e+00,
918,4.88e-01,8.00e-02,
919,5.28e-01,0.00e+00,
920,4.88e-01,8.00e-02,
921,5.28e-01,0.00e+00,
922,4.88e-01,0.00e+00,
923,5.20e-01,8.00e-02,
924,7.12e-01,8.00e-02,
925,3.52e-01,0.00e+00,
926,5.28e-01,0.00e+00,
927,4.88e-01,8.00e-02,
928,2.56e-01,8.00e-02,
929,6.96e-01,2.00e-02,
930,5.28e-01,0.00e+00,
931,4.88e-01,8.00e-02,
932,5.20e-01,8.00e-02,
933,4.88e-01,0.00e+00,
934,5.28e-01,8.00e-02,
935,4.88e-01,0.00e+00,
936,4.88e-01,8.00e-02,
937,5.20e-01,2.00e-02,
938,5.20e-01,2.00e-02,
939,4.88e-01,8.00e-02,
940,4.88e-01,8.00e-02,
941,5.28e-01,0.00e+00,
942,4.88e-01,0.00e+00,
943,5.28e-01,8.00e-02,
944,4.88e-01,0.00e+00,
945,5.20e-01,8.00e-02,
946,5.20e-01,8.00e-02,
947,4.88e-01,0.00e+00,
948,4.88e-01,8.00e-02,
949,5.28e-01,0.00e+00,
950,4.88e-01,0.00e+00,
951,5.20e-01,8.00e-02,
952,5.20e-01,0.00e+00,
953,4.88e-01,8.00e-02,
954,4.88e-01,0.00e+00,
955,5.28e-01,8.00e-02,
956,6.96e-01,0.00e+00,
957,3.52e-01,8.00e-02,
958,4.88e-01,0.00e+00,
959,5.36e-01,8.00e-02,
960,2.64e-01,0.00e+00,
961,7.04e-01,8.00e-02,
962,5.20e-01,8.00e-02,
963,4.88e-01,0.00e+00,
964,5.20e-01,8.00e-02,
965,4.88e-01,0.00e+00,
966,5.20e-01,0.00e+00,
967,4.88e-01,8.00e-02,
968,5.20e-01,0.00e+00,
969,4.88e-01,8.00e-02,
970,4.88e-01,8.00e-02,
971,5.20e-01,0.00e+00,
972,5.20e-01,8.00e-02,
973,4.88e-01,0.00e+00,
974,5.20e-01,8.00e-02,
975,4.88e-01,0.00e+00,
976,5.20e-01,0.00e+00,
977,4.88e-01,8.00e-02,
978,5.20e-01,0.00e+00,
979,4.88e-01,8.00e-02,
980,5.20e-01,0.00e+00,
981,4.88e-01,8.00e-02,
982,4.88e-01,0.00e+00,
983,5.28e-01,8.00e-02,
984,5.20e-01,8.00e-02,
985,4.88e-01,0.00e+00,
986,5.20e-01,0.00e+00,
987,4.88e-01,8.00e-02,
988,7.12e-01,8.00e-02,
989,3.60e-01,0.00e+00,
990,5.44e-01,0.00e+00,
991,4.88e-01,8.00e-02,
992,2.72e-01,0.00e+00,
993,6.96e-01,8.00e-02,
994,5.20e-01,0.00e+00,
995,4.88e-01,8.00e-02,
996,4.88e-01,0.00e+00,
997,5.28e-01,8.00e-02,
998,5.20e-01,0.00e+00,
999,4.88e-01,8.00e-02,
1000,5.20e-01,8.00e-02,
1001,4.88e-01,0.00e+00,
1002,4.88e-01,8.00e-02,
1003,5.28e-01,0.00e+00,
1004,5.28e-01,0.00e+00,
1005,4.88e-01,8.00e-02,
1006,5.20e-01,0.00e+00,
1007,4.88e-01,8.00e-02,
1008,4.88e-01,8.00e-02,
1009,5.28e-01,0.00e+00,
1010,5.20e-01,0.00e+00,
1011,4.88e-01,8.00e-02,
1012,5.20e-01,0.00e+00,
1013,4.88e-01,8.00e-02,
1014,5.28e-01,8.00e-02,
1015,4.88e-01,0.00e+00,
1016,4.88e-01,0.00e+00,
1017,5.28e-01,8.00e-02,
1018,4.88e-01,8.00e-02,
1019,5.20e-01,0.00e+00,
1020,7.04e-01,0.00e+00,
1021,3.52e-01,8.00e-02,
1022,5.28e-01,0.00e+00,
1023,4.88e-01,8.00e-02,
1024,2.56e-01,0.00e+00,
1025,6.88e-01,8.00e-02,
1026,4.88e-01,0.00e+00,
1027,5.20e-01,8.00e-02,
1028,4.88e-01,0.00e+00,
1029,5.20e-01,8.00e-02,
1030,5.20e-01,0.00e+00,
1031,4.88e-01,8.00e-02,
1032,4.88e-01,8.00e-02,
1033,5.28e-01,0.00e+00,
1034,5.20e-01,0.00e+00,
1035,4.88e-01,8.00e-02,
1036,5.20e-01,0.00e+00,
1037,4.88e-01,8.00e-02,
1038,4.88e-01,0.00e+00,
1039,5.28e-01,8.00e-02,
1040,5.20e-01,8.00e-02,
1041,4.88e-01,0.00e+00,
1042,4.88e-01,8.00e-02,
1043,5.20e-01,0.00e+00,
1044,4.88e-01,8.00e-02,
1045,5.28e-01,0.00e+00,
1046,4.88e-01,8.00e-02,
1047,5.28e-01,0.00e+00,
1048,4.88e-01,8.00e-02,
1049,5.20e-01,0.00e+00,
1050,4.88e-01,0.00e+00,
1051,5.28e-01,8.00e-02,
1052,7.20e-01,0.00e+00,
1053,3.52e-01,8.00e-02,
1054,5.36e-01,0.00e+00,
1055,4.88e-01,8.00e-02,
1056,3.60e-01,8.00e-02,
1057,6.96e-01,0.00e+00,
1058,4.88e-01,0.00e+00,
1059,5.20e-01,8.00e-02,
1060,4.88e-01,0.00e+00,
1061,5.28e-01,8.00e-02,
1062,4.88e-01,0.00e+00,
1063,5.20e-01,8.00e-02,
1064,4.88e-01,0.00e+00,
1065,5.20e-01,8.00e-02,
1066,4.88e-01,8.00e-02,
1067,5.20e-01,0.00e+00,
1068,4.88e-01,0.00e+00,
1069,5.20e-01,8.00e-02,
1070,4.88e-01,0.00e+00,
1071,5.20e-01,8.00e-02,
1072,4.88e-01,0.00e+00,
1073,5.20e-01,8.00e-02,
1074,5.20e-01,8.00e-02,
1075,4.88e-01,0.00e+00,
1076,5.20e-01,8.00e-02,
1077,4.88e-01,0.00e+00,
1078,5.20e-01,0.00e+00,
1079,4.88e-01,8.00e-02,
1080,5.20e-01,8.00e-02,
1081,4.88e-01,0.00e+00,
1082,4.88e-01,0.00e+00,
1083,5.20e-01,8.00e-02,
1084,7.12e-01,8.00e-02,
1085,3.52e-01,0.00e+00,
1086,5.28e-01,8.00e-02,
1087,4.88e-01,0.00e+00,
1088,2.64e-01,0.00e+00,
1089,6.96e-01,8.00e-02,
1090,4.88e-01,6.00e-02,
1091,5.20e-01,0.00e+00,
1092,4.88e-01,8.00e-02,
1093,5.28e-01,0.00e+00,
1094,4.88e-01,0.00e+00,
1095,5.28e-01,8.00e-02,
1096,4.88e-01,0.00e+00,
1097,5.28e-01,6.00e-02,
1098,5.20e-01,8.00e-02,
1099,4.88e-01,0.00e+00,
1100,4.88e-01,0.00e+00,
1101,5.28e-01,8.00e-02,
1102,4.88e-01,0.00e+00,
1103,5.20e-01,8.00e-02,
1104,5.20e-01,8.00e-02,
1105,4.88e-01,0.00e+00,
1106,4.88e-01,8.00e-02,
1107,5.20e-01,0.00e+00,
1108,4.88e-01,8.00e-02,
1109,5.28e-01,0.00e+00,
1110,5.20e-01,6.00e-02,
1111,4.88e-01,0.00e+00,
1112,4.88e-01,8.00e-02,
1113,5.28e-01,0.00e+00,
1114,4.88e-01,0.00e+00,
1115,5.20e-01,8.00e-02,
1116,7.12e-01,8.00e-02,
1117,3.52e-01,0.00e+00,
1118,5.28e-01,8.00e-02,
1119,2.64e-01,0.00e+00,
1120,6.64e-01,0.00e+00,
1121,4.40e-01,8.00e-02,
1122,4.88e-01,8.00e-02,
1123,5.20e-01,0.00e+00,
1124,4.88e-01,8.00e-02,
1125,5.28e-01,0.00e+00,
1126,4.88e-01,0.00e+00,
1127,5.20e-01,8.00e-02,
1128,4.88e-01,0.00e+00,
1129,5.20e-01,8.00e-02,
1130,4.88e-01,8.00e-02,
1131,5.20e-01,0.00e+00,
1132,4.88e-01,8.00e-02,
1133,5.20e-01,0.00e+00,
1134,4.88e-01,0.00e+00,
1135,5.20e-01,8.00e-02,
1136,4.88e-01,8.00e-02,
1137,5.20e-01,0.00e+00,
1138,5.20e-01,0.00e+00,
1139,4.88e-01,8.00e-02,
1140,4.88e-01,0.00e+00,
1141,5.20e-01,8.00e-02,
1142,4.88e-01,0.00e+00,
1143,5.20e-01,8.00e-02,
1144,5.20e-01,0.00e+00,
1145,4.88e-01,8.00e-02,
1146,5.20e-01,0.00e+00,
1147,4.88e-01,8.00e-02,
1148,6.96e-01,8.00e-02,
1149,3.60e-01,0.00e+00,
1150,4.88e-01,8.00e-02,
1151,5.20e-01,0.00e+00,
1152,2.56e-01,8.00e-02,
1153,6.88e-01,0.00e+00,
1154,5.20e-01,0.00e+00,
1155,4.88e-01,8.00e-02,
1156,5.20e-01,0.00e+00,
1157,4.88e-01,8.00e-02,
1158,4.88e-01,8.00e-02,
1159,5.28e-01,0.00e+00,
1160,4.88e-01,8.00e-02,
1161,5.28e-01,0.00e+00,
1162,4.88e-01,0.00e+00,
1163,5.20e-01,8.00e-02,
1164,4.88e-01,0.00e+00,
1165,5.28e-01,8.00e-02,
1166,5.20e-01,0.00e+00,
1167,4.88e-01,8.00e-02,
1168,5.20e-01,6.00e-02,
1169,4.88e-01,0.00e+00,
1170,4.88e-01,0.00e+00,
1171,5.28e-01,8.00e-02,
1172,4.88e-01,8.00e-02,
1173,5.28e-01,0.00e+00,
1174,5.20e-01,0.00e+00,
1175,4.88e-01,8.00e-02,
1176,4.88e-01,0.00e+00,
1177,5.28e-01,8.00e-02,
1178,4.88e-01,8.00e-02,
1179,5.28e-01,0.00e+00,
1180,7.04e-01,0.00e+00,
1181,3.52e-01,8.00e-02,
1182,4.88e-01,8.00e-02,
1183,5.28e-01,0.00e+00,
1184,2.56e-01,8.00e-02,
1185,7.04e-01,0.00e+00,
1186,5.20e-01,0.00e+00,
1187,4.88e-01,8.00e-02,
1188,4.88e-01,8.00e-02,
1189,5.20e-01,0.00e+00,
1190,5.20e-01,8.00e-02,
1191,4.88e-01,0.00e+00,
1192,5.28e-01,0.00e+00,
1193,4.88e-01,8.00e-02,
1194,4.88e-01,0.00e+00,
1195,5.20e-01,8.00e-02,
1196,5.20e-01,0.00e+00,
1197,4.88e-01,8.00e-02,
